<?xml version="1.0" encoding="UTF-8"?>
<project-private xmlns="http://www.netbeans.org/ns/project-private/1">
    <data xmlns="http://www.netbeans.org/ns/make-project-private/1">
        <activeConfTypeElem>1</activeConfTypeElem>
        <activeConfIndexElem>0</activeConfIndexElem>
    </data>
    <editor-bookmarks xmlns="http://www.netbeans.org/ns/editor-bookmarks/2" lastBookmarkId="0"/>
    <open-files xmlns="http://www.netbeans.org/ns/projectui-open-files/2">
        <group>
            <file>file:/home/rafaeljesusaraiva/isec-2021-1o-semestre/poo/TP/codigo/Mundo.h</file>
            <file>file:/home/rafaeljesusaraiva/isec-2021-1o-semestre/poo/TP/codigo/Mundo.cpp</file>
            <file>file:/home/rafaeljesusaraiva/isec-2021-1o-semestre/poo/TP/codigo/Territorio.h</file>
            <file>file:/home/rafaeljesusaraiva/isec-2021-1o-semestre/poo/TP/codigo/Tecnologia.cpp</file>
            <file>file:/home/rafaeljesusaraiva/isec-2021-1o-semestre/poo/TP/codigo/Imperio.h</file>
            <file>file:/home/rafaeljesusaraiva/isec-2021-1o-semestre/poo/TP/codigo/Tecnologia.h</file>
            <file>file:/home/rafaeljesusaraiva/isec-2021-1o-semestre/poo/TP/codigo/Imperio.cpp</file>
            <file>file:/home/rafaeljesusaraiva/isec-2021-1o-semestre/poo/TP/codigo/main.cpp</file>
            <file>file:/home/rafaeljesusaraiva/isec-2021-1o-semestre/poo/TP/codigo/Territorio.cpp</file>
        </group>
    </open-files>
</project-private>
